Backtracking;Cocke-Younger-Kasami-Algorithmus;Ahmet Erguen, Niklas Bunzel
Backtracking;CSP - Backtracking & Forward Check;Martin Distler, Simon Werner
Backtracking;Damenproblem;Roman Uhlig, Michael Rau
Backtracking;Davis-Putnam-Verfahren;Magnus Brand, Bastian de Groot
Backtracking;Recursive Backtracking Maze Generation;David Berman
Backtracking;Springerproblem;Eric Brüggemann, Mohit Mahkija
Backtracking;Yue Hu, Xinyu Liu;Patience Sort
Compression;Burrows-Wheeler Transformation;Florian Lindner
Compression;Burrows-Wheeler Transformation;Florian Lindner
Compression;DXT1;Jan Petto, Nikolas Asimyadis
Compression;DXT4;Jan Petto, Nikolas Asimyadis
Compression;Huffman Code;Jonathan Roth, Till Vo�
Compression;Huffman Coding;"Sebasian Fach, Peter Kl&ouml;ckner"
Compression;Lempel Ziv 77;Maximilian Müller, Tobias Neidig
Compression;Lempel Ziv 77;Maximilian Müller, Tobias Neidig
Compression;LZW (Lempel, Ziv, Welch 1984);Florian Lindner
Compression;LZW (Lempel, Ziv, Welch 1984);Florian Lindner
Compression;LZW (Lempel, Ziv, Welch 1984);Florian Lindner
Compression;Move to Front;Florian Lindner
Compression;Move to Front;Florian Lindner
Compression;RLE (Lauflängencodierung);Florian Lindner
Compression;Sequitur Komprimierung (Nevill-Manning, Witten 1997);Florian Lindner
Compression;Shannon-Fano Coding;Dieter Hofmann, Artem Vovk
Compression;Shannon-Fano Coding;"Sebasian Fach, Peter Kl&ouml;ckner"
Compression;Tunstall Coding;Jonathan Roth, Till Vo�
Cryptography;AddRoundKey;Stefan Kaesdorf, Marco Drebing
Cryptography;ADFGX-Verschlüsselung;Taylan Özden, Jonas Dopf
Cryptography;Advanced Encryption Standard (AES);Bernd Conrad, Sandra Amend
Cryptography;Advanced Encryption Standard (AES);Bernd Conrad, Sandra Amend
Cryptography;Advanced Encryption Standard (AES);Bernd Conrad, Sandra Amend
Cryptography;Advanced Encryption Standard (AES);Lukas Strassel, Stefan Wegener
Cryptography;Advanced Encryption Standard (AES);Lukas Strassel, Stefan Wegener
Cryptography;ARC4 (Alleged RC4);David Becker
Cryptography;Atbasch;"Nicolas Kolb, Marco Br&auml;uning"
Cryptography;Babystep-Giantstep;Daniel Lehmann, Ji-Ung Lee
Cryptography;BB84;Vincent Riesop und Nils Mäser
Cryptography;Blowfish Decryption Generator ;Dani El-Soufi , Deniz Can Franz Ertan
Cryptography;Blowfish Encryption Generator ;Dani El-Soufi, Deniz Can Franz Ertan
Cryptography;Caesar Cipher;Annika Beissler, Martin Hess, Nando Fuchs
Cryptography;Caesar Cipher;Can Güler, Tayfun Atik
Cryptography;Caesar Cipher;Dmytro Vronskyi
Cryptography;Caesar Cipher;Galin Bobev, Mir-Misagh Zayyeni
Cryptography;Caesar Cipher;Gamze Canova, Stephan Moczygemba
Cryptography;Caesar Cipher;Iaad Zabar, Abdulghani Alshadadi
Cryptography;Caesar Cipher;Jan H. Post, Tim Grube
Cryptography;Caesar Cipher;Jerome Möckel, Stefan Schmitz
Cryptography;Caesar Cipher;Leonid Khaylov
Cryptography;Caesar Cipher;Malek Boulakbech
Cryptography;Caesar Cipher;Stephan Arneth
Cryptography;Caesar Cipher;Thorsten Franzel
Cryptography;CFB Decryption;Tien Truong Nguyen
Cryptography;Cipher Block Chaining Mode (CBC);Stephan Cornelius Arndt, Felix Gündling
Cryptography;Cipher Block Chaining Mode (CBC);Stephan Cornelius Arndt, Felix Gündling
Cryptography;Cipher Feedback Mode (CFB);Kristijan Madunic
Cryptography;Counter Mode;Andreas Pesak, Rolf Egert
Cryptography;Data Encryption Standard (DES);Andre Daube, Kokilan Kanesalingam
Cryptography;Data Encryption Standard (DES);Andre Daube, Kokilan Kanesalingam
Cryptography;Data Encryption Standard (DES);Andre Daube, Kokilan Kanesalingam
Cryptography;Data Encryption Standard (DES);Andre Daube, Kokilan Kanesalingam
Cryptography;Diffie-Hellman;Kristijan Madunic
Cryptography;Electronic Codebook Mode (ECB);Ahmet Erguen, Niklas Bunzel
Cryptography;ElGamal;Emre Cakmak, Franklin Labang
Cryptography;ElGamal;Jan Dillmann,Fabian Letzkus
Cryptography;Exponentiation;Julian Metzler, Tino Fuhrmann
Cryptography;Feistel-Chiffre;Moritz Kulessa
Cryptography;HMAC;Dominik Rieder, Nicolas Schickert
Cryptography;Lamport-Diffie OTS;Nikolaus Korfhage
Cryptography;Merkle-Signatur;Nikolaus Korfhage
Cryptography;MixColumns;Stefan Kaesdorf, Marco Drebing
Cryptography;Mono-alphabetic Substitution Cipher;Dominik Bollmann, Sogol Mazaheri
Cryptography;Morse Decode;Felix Heller & Hendrik Jöntgen
Cryptography;Needham-Schroeder;Florian Oswald
Cryptography;Needham-Schroeder;Florian Oswald
Cryptography;OFB Decryption;Tien Truong Nguyen
Cryptography;One-Time Pad;Malcolm Parsons
Cryptography;One-Time Pad;Mateusz Umstädter, Aidin Dinkhah, Jakub Pilarski
Cryptography;Output Feedback Mode (OFB);Christian Feier, Yannick Drost
Cryptography;Output Feedback Mode (OFB);Fabian Möller, Matthias Mettel
Cryptography;Playfair;"Daniel Tanneberg, Nadine Tr&uuml;schler"
Cryptography;Polybios;Rene Schubert, Andre Schubert
Cryptography;Rabin Kryptosystem;Emre Cakmak, Franklin Labang
Cryptography;Rot47;Denis Türkpencesi
Cryptography;RSA;Nico Gerwien, Martin Olschowski
Cryptography;RSA;Nkepseu Tchassep Soule, Ibrahim Alyahya
Cryptography;Shamir's Secret Sharing;Simon Schmidt
Cryptography;ShiftRows;Stefan Kaesdorf, Marco Drebing
Cryptography;TEA;Soundes Marzougui
Cryptography;Treyfer;Soundes Marzougui
DataStructures;Binary Space Partitioning;Martin Tschirsich, Tjark Vandommele
DataStructures;Bloom-Filter;Sandra Sch�fer, Jonas Schatz
DataStructures;Bloom-Filter;Sandra Sch�fer, Jonas Schatz
DataStructures;Dial-Implementierung;Stefan Thaut, Benedikt Lins
DataStructures;Doubly Linked List;Ferdinand Pyttel, Michael Ries, Florian Platzer
DataStructures;Floyd-Steinberg;Sandra Schaefer, Jonas Schatz
DataStructures;Floyd-Steinberg;Sandra Schaefer, Jonas Schatz
DataStructures;IEEE 754;Lutz Langhorst
DataStructures;IEEE 754;Lutz Langhorst
DataStructures;Linked List;Ferdinand Pyttel, Michael Ries, Florian Platzer
DataStructures;Ring Buffer;Ferdinand Pyttel, Michael Ries, Florian Platzer
DataStructures;The Fault Algorithm;Daniel Thul, René Röpke
DataStructures;Traversieren, Element hinzuf�gen und l�schen;Sascha Zenglein,Julian Schwind
DataStructures;Wavlet Tree;Ilhan Simsiki, Christof Bienkowski
DataStructures;Wavlet Tree;Ilhan Simsiki, Christof Bienkowski
Graph;ACO for TSP;Laura Hofmann
Graph;Ahuja-Orlin;Amer Shafa, Ahmed Zukic
Graph;Bellman-Ford Algorithm;David Marx
Graph;Betweenness Centrality;Patrick Felka, Baran Denis Özdemir
Graph;Betweenness Centrality;Patrick Felka, Baran Denis Özdemir
Graph;Boruvka Algorithmus;Ahmed Charfi, Jihed Ouni
Graph;Breitensuche;Thu Huong Luu, Benedikt Hiemenz
Graph;Bron-Kerbosch;Marco Casili, Igor Cherepanov
Graph;Bron-Kerbosch;Marco Casili, Igor Cherepanov
Graph;Bron-Kerbosch;Marco Casili, Igor Cherepanov
Graph;Bully Algorithmus;Nico Wombacher, Moritz Moxter
Graph;Checking for Bipartition;Dominik Pfau
Graph;Chinese Whispers Graph Clustering;Konstantin Ramig
Graph;Classical Bipartite Matching;Markus Lehmann, Martin Müller
Graph;Classical eulerian cycle algorithm;Markus Lehmann, Martin Müller
Graph;De Bruijn;Nikola Aleksandrov
Graph;DeterminierungNDFA;Nora Wester
Graph;DFS;Max Kolhagen, Patrick Lowin
Graph;Diamond-Square;Felix Mayer, Lulzim Murati
Graph;Dijkstra;Do Thanh Tung, Hoang Minh Duc
Graph;Dijkstra;Tanya Harizanova, Dimitar Dimitrov
Graph;Dinic;Amer Shafa, Ahmed Zukic
Graph;Distance Vector Routing;Christian Rosskopf
Graph;Dynamic Source Routing;Maurice Wendt, Dominik Gopp
Graph;Edmonds Algorithm;Jan Wiesel
Graph;Edmonds-Karp;Benedikt Lins, Stefan Thaut
Graph;Edmonds-Karp;Benedikt Lins, Stefan Thaut
Graph;Farthest Insertion;Patricia Heidt
Graph;Finding the Longest Path on a Tree;Quoc Hien Dang, Thanh Tung Dang
Graph;Fleury;Denis Tuerkpencesi
Graph;Force Directed Graph Drawing;Timm Welz
Graph;Ford Fulkerson;David Kaufmann, Holger Thies
Graph;Girvan-Newman;Baran Denis Özdemir, Patrick Felka
Graph;Gozinto-Listen-Verfahren;Timm Lampa,Najim Azizi
Graph;Hot Potato Routing;Jessey Widhalm, Kevin Trometer
Graph;Karger's algorithm for Minimum Cut, by David Karger, published in 1993;Hannah Drews, Yves Geib
Graph;Karger's algorithm for Minimum Cut, by David Karger, published in 1993;Hannah Drews, Yves Geib
Graph;Kosaraju's algorithm;Kai Schwierczek
Graph;Kruskal;David Marx
Graph;Kruskal;Florian Schmidt, Katja Rabea Sonnenschein
Graph;Kruskal;Simone Baier
Graph;Kruskal Maze Generation;Philipp Malkmus
Graph;Lindenmayer;Deniz Emre Mohr, Murat Batu
Graph;Longest path in a DAG;Christian Hollubetz
Graph;Markov Chain Clustering;Johannes Simon
Graph;Maximum Matching in Bipartite Graph;Nicolas Morew, Melissa Mendoza
Graph;MinimierungDFA;Nora Wester
Graph;Minimum edge coloring of an even complete graph;Dominik Pfau
Graph;MinMax;Barbara Zöller, Malte Paskuda
Graph;Nearest Insertion;Patricia Heidt
Graph;Nearest Neighbor Algorithm;Ahmed Charfi, Jihed Ouni
Graph;PageRank;Jan Ulrich Schmitt, Dennis Juckwer
Graph;Path Search;Sheip Darugtev
Graph;Perzeptron;Oemer M. Ayar
Graph;Prim;Irina Smidt, Simon Sprankel
Graph;Prim;Stephan Arneth
Graph;Push-Relabel-Algorithmus;Steffen Frank Schmidt
Graph;Reverse Delete;El Fethi Bouabidi,Farouk Haouami
Graph;Ring Leader Election;Dominik Fischer
Graph;Routing: Backward Learning;Amon Ditzinger, Dirk Schumacher
Graph;Tarjan's SCC algorithm;Kai Schwierczek
Graph;TSP Brute Force;Moritz Moxter, Nico Wombacher
Graph;Warshall;Jannik Schildknecht, Sergej Alexeev
Graph;Welsh-Powell Algorithm;Thomas Hartmann, Wail Shakir
Graphics;Bilinear Interpolation in Image Processing;Natalie Faber>, Sascha Weiß
Graphics;Bowyer-Watson;Arne-Tobias Rak
Graphics;Box Filter;Tobias Otterbein, Florian Reimold
Graphics;Bresenham-Algorithmus;Dominik Fischer
Graphics;Bresenham-Algorithmus;Michael Rodenberg
Graphics;Cohen-Sutherland;David Steiner,Jens Krüger
Graphics;Cohen-Sutherland;David Steiner,Jens Krüger
Graphics;Delaunay-Triangulation;Ralf Rurainsky
Graphics;Digital Diferential Analyzer;Robert Cibulla, Peter Schauberger
Graphics;Dilation;Annika Beißler, Martin Hess, Nando Fuchs
Graphics;Edge Fill Algorithmus;Alvar Gamez Zerban, Axel Heimann, Nikos Kombouris
Graphics;Flood Fill;Martin Tschirsich, Tjark Vandommele
Graphics;Gauss Filter;Tobias Otterbein, Florian Reimold
Graphics;Graham Scan;Carsten Haubold
Graphics;Graham Scan;Ivaylo Petkov
Graphics;Histogrammausgleich;Niklas Grimm, Nicolai Minter
Graphics;Image Gradient (Prewitt-Operator);Marko Rücker
Graphics;Image Gradient (Prewitt-Operator);Marko Rücker
Graphics;Image Gradient (Scharr-Operator);Marko Rücker
Graphics;Image Gradient (Scharr-Operator);Marko Rücker
Graphics;Invertierung RGB Bild;Niklas Grimm, Nicolai Minter
Graphics;Jarvis' March;David Kaufmann, Holger Thies
Graphics;Jittered Grid Sampling;Simon Braunstein, Sascha Kunz
Graphics;Kantenlistenalgorithmus;Alvar Gamez Zerban, Axel Heimann, Nikos Kombouris
Graphics;Laplace Filter [DE];Kristina Raysbikh, Victoria Stanilescu
Graphics;Marching Squares;Simon Heinrich, Philipp Nothvogel
Graphics;Median Filter für Bildverarbeitung;Igor Braun, Vladimir Bolgov
Graphics;Methode von Horn;Victoria Stanilescu, Kristina Raysbikh
Graphics;Midpoint Circle Algorithm;Viktor Kolokolov
Graphics;Non-maxima suppression;Robert Hahn, Max Mehltretter
Graphics;Poisson Disk Sampling;Simon Braunstein, Sascha Kunz
Graphics;Quickhull;Philipp Dürr
Graphics;RamerDouglasPeucker;Ivaylo Petkov
Graphics;RangordnungsFilter;Gruppe 40: Faris und Khalid
Graphics;Ray Casting (Point in Polygon);Lukas Dietrich <lukasalexander.dietrich@stud.tu-darmstadt.de>
Graphics;Ray Casting (Point in Polygon);Lukas Dietrich <lukasalexander.dietrich@stud.tu-darmstadt.de>
Graphics;Region Growing;Kevin Kocon
Graphics;Region Growing;Lucas Rothamel, Manuel Weiel
Graphics;RGB / CMYK Conversion;Florian Sunnus, Elvir Sinancevic
Graphics;RGB / CMYK Konvertierung;Florian Sunnus, Elvir Sinancevic
Graphics;RGB to HSL Conversion;Julien Clauter
Graphics;RGB zu HSL Konvertierung;Julien Clauter
Graphics;Ritter's bounding sphere;Lukas Dietrich <lukasalexander.dietrich@stud.tu-darmstadt.de>
Graphics;Ritter's bounding sphere;Lukas Dietrich <lukasalexander.dietrich@stud.tu-darmstadt.de>
Graphics;Scanline;Stefan Werner, Malte Limmeroth
Graphics;Simple Ray Tracing;Philipp von Bauer & Constantin Zinke
Graphics;Sobel filter;Robert Hahn, Max Mehltretter
Graphics;Summed Area Tables;Roman Uhlig, Michael Rau
Graphics;Sutherland-Hodgman algorithm;Malte Limmeroth, Stefan Werner
Graphics;Voronoi-Diagramm;Ralf Rurainsky
Graphics;Watershed Algorithm;Manuel Weiel, Lucas Rothamel
Graphics;Xiaolin Wu's Line Algorithm;Robert Cibulla, Peter Schauberger
Graphics;Z-Buffer;Dieter Hofmann, Artem Vovk
Hardware;AND-Gatter;Golsa Arashloozadeh
Hardware;Demultiplexer;Golsa Arashloozadeh
Hardware;DFlipflop;Golsa Arashloozadeh
Hardware;Halbaddierer;Golsa Arashloozadeh
Hardware;JKFlipflop;Golsa Arashloozadeh
Hardware;Konvertierung FAT zu i-Node Dateisystem;Thomas Schmeiduch
Hardware;Multiplexer;Golsa Arashloozadeh
Hardware;NAND-Gatter;Golsa Arashloozadeh
Hardware;NOR-Gatter;Golsa Arashloozadeh
Hardware;NOT-Gatter;Golsa Arashloozadeh
Hardware;OR-Gatter;Golsa Arashloozadeh
Hardware;Prefix Adder;Philipp Becker
Hardware;Rippel Volladdierer;Marcel Gazsi, Mark Schneemann
Hardware;RSFlipflop;Golsa Arashloozadeh
Hardware;TFlipflop;Golsa Arashloozadeh
Hardware;The Not Recently Used Page Replacement Algorithm;Paul Vincent Dawadi
Hardware;Volladdierer;Golsa Arashloozadeh
Hardware;XNOR-Gatter;Golsa Arashloozadeh
Hardware;XOR-Gatter;Golsa Arashloozadeh
Hashing;Adler-32 Checksumme / Hashverfahren;Sebastian Engel, Oliver Günther
Hashing;CRC32;Marcel Dostal, Ilja Schwarz
Hashing;Doppeltes Hashing;Andreas Schaller, Daniel Fath
Hashing;Fletchers Checksum;Erich Wittenbeck
Hashing;FNV;Matthias Mettel, Fabian Möller
Hashing;FNV;Matthias Mettel, Fabian Möller
Hashing;Geohash;Thomas Klir, Philipp Müller
Hashing;Geohash;Thomas Klir, Philipp Müller
Hashing;Hamming Code;Tim Förster, Johannes Merz
Hashing;Hashfunktion aus Kompressionsfunktion;Maurice Wendt, Dominik Gopp
Hashing;Hashing mit alternierend quadratischer Sondierung;Kamil Erhard, Dirk Kröhan
Hashing;Hashing mit linearer Sondierung;David Sharma, Björn Pantel
Hashing;Hashing mit linearer Sondierung;Johannes Born, Tuba Gözel
Hashing;Hashing mit linearer Sondierung;Saffar Kamel
Hashing;Luhn-Algorithmus;Ralf Thaenert
Hashing;MD4;Bekir Bayrak, Halit Ciftci
Hashing;MD4;Bekir Bayrak, Halit Ciftci
Hashing;MD5;Bekir Bayrak, Halit Ciftci
Hashing;Open Addressing Hashing;Florian Jakob
Hashing;Parity Bit;Tim Förster, Johannes Merz
Hashing;SHA-1;Steven Lamarr Reynolds,Simon Bugert
Hashing;SHA-256;Steven Lamarr Reynolds,Simon Bugert
Hashing;SHA-3;Sven Palberg, Timo Martin
Hashing;SHA-3;Sven Palberg, Timo Martin
Maths;Adjunktenberechnung;Christian Weinert,Simon Reuß
Maths;Affine Abbildung;Brost, Reissig
Maths;Affine Abbildung;Brost, Reissig
Maths;Affine Abbildung;Brost, Reißig
Maths;Affine Abbildung;Brost, Reissig
Maths;Alghorithmus von Neville;Imed Ben Ghozi <benghozi.imed@gmail.com>
Maths;Any Base to Any Base Conversion;Faris Abraha, Khalid Ibrahim S Alzamil
Maths;Babylonian Method;Benjamin Schiller, Philipp Dünnebeil
Maths;Bayes Theorem;Mohammad Braei
Maths;Chinese Remainder Theorem;Alessandro Noli, Paul Youssef
Maths;Chinesischer Restsatz;Alessandro Noli, Paul Youssef
Maths;Cholesky Verfahren;Peter Baumann, Oren Avni
Maths;Cubic Spline Interpolation;Marvin Stiller, Marius Süßmilch
Maths;Cubic Spline Interpolation;Mavin Stiller, Marius Süßmilch
Maths;Das Newton-Verfahren;Rene Röpke, Daniel Thul
Maths;Determinantenberechnung nach Laplace;Irina Smidt, Simon Sprankel
Maths;Determinantenberechnung nach Laplace [DE];Karsten Will, Stephan Wezorke
Maths;Diskrete Fourier Transformation;Maximilian Scheid
Maths;Double Dabble;Patrick Lerch, Felix Hammacher
Maths;Ellipsoid method;Melvin Laux
Maths;Erwartungswert;Fatima Isufaj, Jasmin Diehl
Maths;Erweiterter Euklidischer Algorithmus;Florian Schmidt, Katja Rabea Sonnenschein
Maths;Erweiterter Euklidischer Algorithmus;Julien Alexander Gedeon
Maths;Euklidischer Algorithmus;Julien Alexander Gedeon
Maths;Explicit Euler method;Benjamin Schiller, Philipp Dünnebeil
Maths;Exponentiation;Anqi Wang
Maths;Exponentiation;Thomas Schulz, Benjamin Lück
Maths;Exponentielle Glättung 2. Ordnung nach Brown;Rolf Egert, Andreas Pesak
Maths;Extended Euclidean Algorithm;Christian Feier, Yannick Drost
Maths;Faddejew-Leverrier Algorithmus;Moritz Zysk
Maths;Falksches Schema;Ulf Gebhardt, Michael Scholz
Maths;Fast bitcount;Steven Lambeth
Maths;Fast Inverse Square Root;Max Kaiser & David Langsam
Maths;Fast Inverse Square Root;Max Kaiser & David Langsam
Maths;Fermat Faktorisierungsmethode;Bastian de Groot, Magnus Brand
Maths;Fibonacci;Lars Schulte, Marius Diebel
Maths;Fibonacci;Lars Schulte, Marius Diebel
Maths;Fixpunktiteration;Simon Bunten, Martin Oehler
Maths;Fourier-Motzkin Transformation;Melvin Laux
Maths;Gauss Eliminationsverfahren;Mateusz Umstädter, Aidin Dinkhah, Jakub Pilarski
Maths;Gauss-Legendre [DE];Heiko Reinemuth, Hendrik Pfeifer
Maths;Gauss-Legendre [EN];Heiko Reinemuth, Hendrik Pfeifer
Maths;Gauß-Jordan-Algorithmus;Simon Breitfelder
Maths;Gausssche Osterformel (Gauss, 1816);Tristan Gahler
Maths;Gerschgorin Kreise zur Eingrenzung von Eigenwerten quadratischer Matrizen;Jannis Weil, Hendrik Wuerz
Maths;Hase und Igel Algorithmus;Martin Distler, Simon Werner
Maths;Heun;Felix Sternkopf, Emine Saracoglu
Maths;Horner-Schema;Lennard Rüdesheim, Tim Steinke
Maths;Hornformel Markierungsalgorithmus;Tristan Gahler
Maths;Interpolation of 2D Scattered Data;Arne-Tobias Rak
Maths;Kahan Summation;Oemer M. Ayar
Maths;Karatsuba;Hoang Minh Duc, Do Thanh Tung
Maths;Karatsuba;Sebastian Sztwiertnia
Maths;Lagrange Interpolation;Lukas Becker, Simon Bohlender
Maths;Linear Regression;Amon Ditzinger, Dirk Schumacher
Maths;Lineare Regression;Amon Ditzinger, Dirk Schumacher
Maths;LR-Zerlegung (Spaltenpivotsuche) [DE];Volkan Hacimüftüoglu
Maths;Matrixmultiplication;Annemarie Mattmann
Maths;Miller-Rabin-Test;Julian Wulfheide, Tim Wimmer, Denis Caruso
Maths;Monte Carlo Methods;Christian Ritter
Maths;Monte-Carlo-Simulation;Sascha Zenglein,Julian Schwind
Maths;Nevilles Algorithm;Imed Ben Ghozi <benghozi.imed@gmail.com>
Maths;Newtonsche Interpolationsformel mit Schema der dividierten Differenzen;Christian Weinert, Simon Reuß
Maths;Newtonsche Interpolationsformel mit Schema der dividierten Differenzen;Lennard Ruedesheim, Tim Steinke
Maths;Nordwest-Ecken-Regel;Daniel Appadurai, Benjamin Müller
Maths;Optimized Matrix Chain Multiplication;Kenten Fina
Maths;Optimized Matrix Chain Multiplication;Kenten Fina
Maths;Pascalsches Dreieck;Jan Stolzenburg
Maths;Pollard-Rho-Methode;Pascal Weisenburger
Maths;Polynomdivision;Mai Ly Tran
Maths;Potenzmenge;Admir Agia
Maths;Primfaktorisierung;Teh-Hai Julian Zheng & Edgardo Palza
Maths;QR [EN];Dan Le
Maths;Resolution-Calculus;Fabian Bauer, Andreas Bauer
Maths;Resolution-Calculus;Fabian Bauer, Andreas Bauer
Maths;Riemann Integral;Marvin Stiller, Marius Süßmilch
Maths;Riemann Integral;Marvin Stiller, Marius Süßmilch
Maths;Römische Zahlendarstellung;Nicole Brunkhorst, Stefan Rado
Maths;Runge-Kutta 4. Ordnung;Benedikt Wartusch, Daniel Dieth
Maths;Russische Bauernmultiplikation;Ulf Gebhardt, Michael Scholz
Maths;Schema der dividierten Differenzen;Jan Dillmann, Fabian Letzkus
Maths;Schonhage-Strassen-Algorithmus;Alexander Ziesing
Maths;Schriftliche Multiplikation;Fatima Isufaj, Jasmin Diehl
Maths;Sieb des Atkin;Stephan Wezorke, Karsten Will
Maths;Sieb des Eratosthenes;Nicole Brunkhorst, Stefan Rado
Maths;Sieb des Sundaram;Marcel Andreas Gazsi, Mark Schneemann
Maths;Simplex algorithm;Andreas Bauer, Fabian Bauer
Maths;Simplex-Algorithmus;Andreas Bauer, Fabian Bauer
Maths;Simpsonregel;Yasin Kaymak
Maths;Totale Wahrscheinlichkeit;Mohammad Braei
Maths;Transfer Entropy;Kenten Fina
Maths;Trapezregel;Christian Hack
Maths;Trial Division ;Sven Palberg, Timo Martin
Maths;Trial Division ;Sven Palberg, Timo Martin
Maths;Value Difference Metric;Ilhan Simsiki, Christof Bienkowski
Maths;Value Difference Metric;Ilhan Simsiki, Christof Bienkowski
Maths;Vigenère Cipher;Artur Seitz, Darjush Siahdohoni
Maths;Vigenère-Chiffre;Artur Seitz, Darjush Siahdohoni
Maths;Vogelsche Approximationsmethode;Daniel Appadurai, Benjamin Müller
More;2-Way Cache (FIFO);Christopher Ries
More;2-Way Cache (LRU);Christopher Ries
More;3-Block Heuristik;Marlene Utz, Martin Hameister, Lea Rausch
More;AdaBoost [DE];Stanislaw Kin
More;AdaBoost [EN];Stanislaw Kin
More;Apriori [DE];Stanislaw Kin
More;Apriori [EN];Stanislaw Kin
More;Bagging;Amir Mesbah
More;Banker's algorithm;Tomasz Gasiorowski
More;Banker's algorithm;Tomasz Gasiorowski
More;Base64;Claudius Kleemann
More;Base64;Claudius Kleemann
More;Base64;Sebastian Engel, Oliver Günther
More;Batch-FindG;Hermann Berket
More;Booth;Pascal Fleckenstein, Alexander Ziesing
More;Brent's Algorithmus (Zyklen Findung);Julian Wulfheide, Denis Caruso, Tim Wimmer
More;C4.5 Data Mining-Algorithmus;Felix Heller & Hendrik Jöntgen
More;Candidate Elimination;Christian Brinker, Mateusz Parzonka
More;Chi-Square;Karol Gotkowski
More;Chomsky Normalform;Sarah Fischer, Anke Unger
More;Clock Page Replacement;Thomas Pilot, Tobias Freudenreich
More;COBWEB;J. H. Mieseler, T. G. Petry
More;Cocke–Younger–Kasami;Barbara Zöller, Malte Paskuda
More;Continouss Double Auction;Marco Ballhausen, Deborah Buth
More;CORDIC;Annemarie Mattmann
More;Cross-Site-Request-Forgery;Alexander Müller
More;de Boor Algorithmus;David Sessler
More;De Casteljau;David Sessler
More;De Casteljau;Philipp Dürr
More;Decomposing a schema into BCNF;Lawrence Dean, Waldemar Graf
More;Der Greedy-Algorithmus fuer das Rucksackproblem;Marlene Utz, Martin Hameister, Lea Rausch
More;DEVS Algorithm;Andrej Felde, Thomas Hesse
More;DFAMinimierung;Eliyas Tamrat, Peter Glöckner
More;Disk Schedling: (C-)SCAN;Johanna Heinz
More;Disk Schedling: (C-)SCAN;Johanna Heinz
More;Disk Scheduling: Shortest Seek Time First;Johanna Heinz
More;Disk Scheduling: Shortest Seek Time First;Johanna Heinz
More;Double Auction;Marco Ballhausen, Deborah Buth
More;DoublyLinkedList;Uwe Breidenbach <hi01ebub@rbg.informatik.tu-darmstadt.de>
More;DoublyLinkedList;Uwe Breidenbach <hi01ebub@rbg.informatik.tu-darmstadt.de>
More;DoublyLinkedList (Interactive);Christian Dreger
More;Drop-Heuristik;Julian Bonrath, Benjamin Björngen-Schmidt
More;Drunken Bishop;David Kalnischkies
More;Dynamic Time Warping;Daniel Tanneberg, Nadine Trüschler
More;Dynamic Time Warping;The An Binh Nguyen, Nam Truong Le
More;Earliest Deadline First (EDF) - non-preemptiv;Christian Dreger
More;Earliest Deadline First (EDF) - preemptiv;Christian Dreger
More;Elo-Zahl;Felix Mayer, Lulzim Murati
More;Elo-Zahl;Felix Mayer, Lulzim Murati
More;Evolutionary algorithm;Andreas Altenkirch, Stefan Hoerndler
More;Evolutionary algorithm;Andreas Altenkirch, Stefan Hoerndler
More;Expectation Maximization;Claudia Lölkes, Verena Sieburger
More;FCFS (First Come, First Serve);Jana Vatter, Rene Hammann
More;FCFS (First Come, First Serve);Jana Vatter, Rene Hammann
More;Filling Gaps [DE];Stanislaw Kin
More;Filling Gaps [EN] ;Stanislaw Kin
More;Find-G;Dominik Unzicker, Torben Unzicker
More;Find-G (Symbolic) [DE];Stanislaw Kin
More;Find-G (Symbolic) [EN];Stanislaw Kin
More;Find-S;Dominik Unzicker, Torben Unzicker
More;Find-S (1D) [DE] ;Stanislaw Kin
More;Find-S (1D) [EN];Stanislaw Kin
More;Find-S (2D) [DE];Stanislaw Kin
More;Find-S (2D) [EN];Stanislaw Kin
More;Find-S (Symbolic) [DE];Stanislaw Kin
More;Find-S (Symbolic) [EN];Stanislaw Kin
More;FindG-Set;Valentin Kuhn
More;Finding Palindromes;Florian Spitz, Toni Plöchl
More;Fisher Yates Shuffle;Jan Wiesel
More;Forward-Algorithmus;Ji-Ung Lee, Daniel Lehmann
More;Funktionsminimierung mittels KV-Diagramm;Michael Rodenberg
More;Gale-Shapley Matching Algoithm;Alexander Appel, Zeinab Mohammadkia
More;Game of Life;Timo Baehr,Alexander Jandousek
More;Game of Life;Timo Bähr, Alexander Jandousek
More;Game of Life;Tobias Raffel
More;Glicko-2;Maxim Kuznetsov, Fritz Beutel
More;Glicko-2;Maxim Kuznetsov, Fritz Beutel
More;Gray Code;Simon Schmidt
More;Hamming-Gewicht;Marco Bräuning, Nicolas Kolb
More;Hirschberg: global string alignment;Felix Mannl, Tim Hoffmann
More;Hoshen-Kopelman Algorithm;Christopher Benz, Dennis Kuhn
More;ID3;Simon Heinrich, Philipp Nothvogel
More;ID3;Simon Heinrich, Philipp Nothvogel
More;JaroWinkler;Chahine Abid, Najib Hfaiedh 
More;Josephus Problem;Benjamin Lück, Thomas Schulz
More;k-median++;Nora und Gregor
More;k-Nearest Neighbors [DE];Stanislaw Kin
More;k-Nearest-Neighbor Classifier;Jan Rehbein, Marius Rettberg-Päplow
More;k-Nearest-Neighbor Classifier;Jan Rehbein, Marius Rettberg-Päplow
More;k-Nearest-Neighbors [EN];Stanislaw Kin
More;Knapsack Problem (recursive);Alexander Appel, Seynab Mohammadkia
More;KNearestNeighbor;Hermann Berket
More;Konvertierung von Infixnotation zu LR-Postorder Darstellung;Jannis Weil, Hendrik Wuerz
More;Kuhn-Munkres Algorithm;Nicolas Morew, Melissa Mendoza
More;Lamport's Bakery Algorithm [DE];Jonathan Speth
More;Lamport's Bakery Algorithm [EN];Jonathan Speth
More;Lee [EN];Christian Hollubetz
More;Levenshtein;Arvid Lange, Marco Torsello
More;Library Sort;Jan Rathjens
More;Longest common subsequence;Chahine Abid, Najib Hfaiedh
More;Longest Common Substring;Pablo Hoch
More;LOOK;Jana Vatter, Rene Hammann
More;LOOK;Jana Vatter, Rene Hammann
More;LRU Seitenersetzung im RAM;Thomas Schmeiduch
More;Maekawa;Marco Torsello, Arvid Lange
More;Min-Max Normalization;Christopher Benz, Dennis Kuhn
More;Model Checking CTL;Timm Welz
More;MODI-Method;Daniel Burgmann, Matthias Horn, Torben Stoffer
More;MoodleConnect Presentation;Simon Sprankel
More;Most frequently Used Page Replacement Algorithm;Paul Vincent Dawadi
More;Multi-Level Queue;Andre Challier <andre.challier@stud.tu-darmstadt.de>, Christian Richter <chrisrichter145@gmail.com>
More;Multi-Level Queue;Andre Challier <andre.challier@stud.tu-darmstadt.de>, Christian Richter <chrisrichter145@gmail.com>
More;Naive Bayes Classifier (for nominal attribute values) ;J. H. Mieseler, T. G. Petry 
More;Nearest Centroid Classifier;Theo Kischka
More;Needleman-Wunsch;Rene Schubert, Andre Schubert
More;OAuth 2.0;Nils Mäser and Vincent Riesop
More;OPTICS - Ordering Points To Identify the Clustering Structure;Max Zeller, Florian Brams
More;Optimale Klammerung von Matrix-Kettenmultiplikation, gelöst durch dynamische Programmierung;Igor Braun, Vladimir Bolgov
More;Peterson's Algorithm [DE];Jonathan Speth
More;Peterson's Algorithm [EN];Jonathan Speth
More;Policy Iteration;Malte Viering
More;Ramer-Douglas-Peucker;Viktor Kolokolov
More;RelieF;Dominik Rödszus, Stanislaw Kin
More;RelieF;Dominik Rödszus, Stanislaw Kin
More;RISE - Rule Indiuction from a Set of Exemplars;Dominik Rödszus, Stanislaw Kin
More;RISE - Rule Indiuction from a Set of Exemplars;Dominik Rödszus, Stanislaw Kin
More;Roulette Wheel Selection;Lukas Weber, Idris Nematpur
More;Round Robin Scheduling;Anja Kirchhöfer, Ben Kohr
More;Round Robin Scheduling;Anja Kirchhöfer, Ben Kohr
More;Round-Robin-Scheduling;Anja Kirchhöfer, Ben Kohr
More;Round-Robin-Scheduling;Anja Kirchhöfer, Ben Kohr
More;Rucksackproblem per Dynamischer Programmierung;Erich Wittenbeck
More;SaintLague;Dominik Rieder, Nicolas Schickert
More;Scheduling;Denis Neumann
More;Scheduling;Denis Neumann
More;Schleifenparallelisierung;Tobias Raffel
More;Schnittmengenautomat zweier DFA;Nadja Geisler,Jan Fischer
More;Schulze Method;David Kalnischkies
More;Separate-and-Conquer [DE];Stanislaw Kin
More;Separate-and-Conquer [EN];Stanislaw Kin
More;Separating Axis Theorem;Bekir �zkara
More;Shunting-yard algorithm;Janine Hölscher, Johannes Wagener
More;Simple Elevator;David Langsam und Max Kaiser
More;Simple Elevator;David Langsam und Max Kaiser
More;Simulationen von Schaltkreisen durch nichtuniforme Turingmaschinen;Giang Nam Nguyen
More;Smith-Waterman: local string alignment;Felix Mannl, Tim Hoffman
More;Sorensen Dice;Imed Ben Ghozi
More;Sorensen Dice;Imed Ben Ghozi
More;SpaltenminimumMethode;Yue Hu, Xinyu Liu
More;Sweep and Prune;Johannes Alef, Rebecca Schieren
More;Sweep and Prune;Johannes Alef, Rebecca Schieren
More;The Decentral Standardization Problem;Daniel Burgmann, Matthias Horn, Torben Stoffer
More;Tournament Selection;Lukas Weber, Idris Nematpur
More;Towers of Hanoi;Amir Naseri, Morteza Emamgholi
More;Value Iteration;Malte Viering
More;Variable Demo;Guido Rößling
More;Vogelsche Approximationsmethode;Petra DÃ¶rsam, Kevin Tappe
More;Wagner-Within-Algorithmus;Najim Azizi, Timm Lampa
More;Wagner-Within-Algorithmus;Najim Azizi, Timm Lampa
More;Windowing;Amir Mesbah
More;Wochentagsberechnung;Marcel Dostal, Ilja Schwarz
More;Zellers congruence;Florian Sunnus, Elvir Sinancevic
More;Zellers Kongruenz;Florian Sunnus, Elvir Sinancevic
More;Zerlegung eines Schemas in BCNF;Lawrence Dean, Waldemar Graf
Network;Ad-hoc On-demand Distance Vector Routing;Sascha Bleidner, Jan David Nose
Network;Ad-hoc On-demand Distance Vector Routing;Sascha Bleidner, Jan David Nose
Network;Basic Network Services;Marc Werner
Network;Basic Network Services;Marc Werner
Network;Berkeley;Sascha Dutschka
Network;Cristian's Algorithm;Martin Müller
Network;Graph Algorithms;Marc Werner
Network;Graph Algorithms;Marc Werner
Network;Graph Algorithms;Marc Werner
Network;Graph Algorithms;Marc Werner
Network;Graph Algorithms;Marc Werner
Network;Graph Algorithms;Marc Werner
Network;Graph Algorithms;Marc Werner
Network;Graph Algorithms;Marc Werner
Network;Graph Algorithms;Marc Werner
Network;Graph Algorithms;Marc Werner
Network;IEEE 802.11 RTS/CTS Mechanismus;Alexander Müller
Network;Leaky Bucket;Emil Angelov, Nikolay Dimitrov
Network;Link State Routing;Justin Hopp
Network;Link State Routing;Justin Hopp
Network;Marzullo�s Algorithmus;Lutz Langhorst
Network;Marzullo�s Algorithmus;Lutz Langhorst
Network;Mutex;Martin Möller
Network;Mutex;Martin Möller
Network;Petrinetze;Nadja Geisler,Jan Fischer
Network;Random Early Detection (RED);Felix Gail, Torben Carstens
Network;Random Early Detection (RED);Felix Gail, Torben Carstens
Network;Routing;Marc Werner
Network;Routing;Marc Werner
Network;Routing;Marc Werner
Network;Routing;Marc Werner
Network;Sliding Window Protocol;Florian Hopp
Network;Sliding Window Protocol;Florian Hopp
Network;Tail Drop;Felix Gail, Torben Carstens
Network;Tail Drop;Felix Gail, Torben Carstens
Network;Token Bucket;Emil Angelov , Nikolay Dimitrov
Searching;A* Suche;Oksana Kolach, Michael Drescher
Searching;Alpha-Beta-Suche;Andrej Felde, Thomas Hesse
Searching;Alpha-Beta-Suche;Pascal Weisenburger
Searching;Binäre Suche;Guido Rößling
Searching;Binäre Suche;Guido Rößling
Searching;Binäre Suche;Guido Rößling
Searching;Binäre Suche;Guido Rößling
Searching;Binäre Suche;Guido Rößling
Searching;Binäre Suche;Guido Rößling
Searching;Binary Search;Guido Rößling
Searching;Binary Search;Guido Rößling
Searching;Binary Search;Guido Rößling
Searching;Binary Search;Guido Rößling
Searching;Binary Search;Guido Rößling
Searching;Binary Search;Guido Rößling
Searching;Binary Search;Guido Rößling
Searching;Binary Search;Guido Rößling
Searching;Bitap;Moritz Zysk
Searching;Boyer-Moore;Torsten Kohlhaas
Searching;Boyer-Moore;Torsten Kohlhaas
Searching;Bullyalgorithm;Bennet Jeutter, Max Mindt
Searching;Election on Rings;Bennet Jeutter, Max Mindt
Searching;Expectiminimax;Simon Bunten,Martin Oehler
Searching;Fagin's Algorithm;Johannes Nachtwey, Dominik Glenz
Searching;Fagin's Algorithm;Johannes Nachtwey, Dominik Glenz
Searching;Fibonacci Suche;Mai Ly Tran
Searching;Horspool;Thu Huong Luu, Benedikt Hiemenz
Searching;Horspool;Torsten Kohlhaas
Searching;Horspool;Torsten Kohlhaas
Searching;Horspool-Raita;Torsten Kohlhaas
Searching;Horspool-Raita;Torsten Kohlhaas
Searching;IDA*;Johannes Simon
Searching;Interpolationssuche;Michael Maur
Searching;Iterative Tiefensuche;Jannik Schildknecht, Sergej Alexeev
Searching;Jump Search;The An Binh Nguyen, Nam Truong Le
Searching;KadanesAlgorithm;Sheip Dargutev
Searching;KMP String Matching Algorithm;Leqiao Peng
Searching;KMP String Matching Algorithm;Thanh Tung Dang, Quoc Hien Dang
Searching;KMP String Matching Algorithm;Torsten Kohlhaas
Searching;Knuth, Morris, Pratt (1977);David Sharma, Björn Pantel
Searching;Knuth, Morris, Pratt (1977);David Sharma, Björn Pantel
Searching;Knuth, Morris, Pratt (1977);Michael Maur
Searching;Knuth, Morris, Pratt (1977);Roger Ponka
Searching;Knuth, Morris, Pratt (1977);Torsten Kohlhaas
Searching;Levenshtein-Distanz;Martin Dingeldey, Thomas Pöpl, Ulf Karrock
Searching;Levenshtein-Distanz;Peter Baumann, Oren Avni
Searching;Linear search;Torsten Kohlhaas
Searching;Lineare Suche;Björn Dasbach
Searching;Lineare Suche;Guido Rößling
Searching;Lineare Suche;Guido Rößling
Searching;Lineare Suche;Guido Rößling
Searching;Lineare Suche;Guido Rößling
Searching;Lineare Suche;Guido Rößling
Searching;Lineare Suche;Guido Rößling
Searching;Lineare Suche;Torsten Kohlhaas
Searching;Local Search;Maximilian Müller, Tobias Neidig
Searching;Local Search;Maximilian Müller, Tobias Neidig
Searching;MinMax;Carina Oberle
Searching;Mutex mit Logical Clocks [DE];Pascal Schardt
Searching;NegaMax Algorithm;Adrian Wagener, Ivelin Ivanov
Searching;NegaMax Algorithmus;Adrian Wagener, Ivelin Ivanov
Searching;Negascout;Janine Höscher, Johannes Wagener
Searching;Pledge-Algorithmus;Oliver Käfer
Searching;Prune and Search;Florian Spitz, Toni Plöchl
Searching;Quickselect;Yadullah Duman
Searching;Rabin-Karp;Thomas Schlosser
Searching;Rabin-Karp;Torsten Kohlhaas
Searching;Rabin-Karp;Torsten Kohlhaas
Searching;Repetition-Matcher;Thomas Schlosser
Searching;Selection Search;Erman Akca, Eugen Mesmer
Searching;Simple String Matching;Kevin Kocon
Searching;Simulated Annealing;Philipp Becker
Searching;Skip Search;Felix Hammacher, Patrick Lerch
Searching;SQL Joins;Adrian Wagener, Ivelin Ivanov
Searching;SQL Joins;Adrian Wagener, Ivelin Ivanov
Searching;Straight Selection;Guido Rößling
Searching;Straight Selection;Guido Rößling
Searching;Straight Selection;Guido Rößling
Searching;Straight Selection;Guido Rößling
Searching;Straight Selection;Guido Rößling
Searching;Straight Selection;Guido Rößling
Searching;Straight Selection;Guido Rößling
Searching;Straight Selection;Guido Rößling
Searching;Straight Selection;Guido Rößling
Searching;Straight Selection;Guido Rößling
Searching;Straight Selection;Guido Rößling
Searching;Straight Selection;Guido Rößling
Searching;String-Matching mit endlichen Zustandsautomaten;Jonas Dopf, Taylan Özden
Searching;Sunday;Torsten Kohlhaas
Searching;Sunday;Torsten Kohlhaas
Searching;Threshold Algorithm;Dominik Glenz, Johannes Nachtwey
Searching;Threshold Algorithm;Dominik Glenz, Johannes Nachtwey
Searching;Traveling Salesman Problem per Greedy Best-First Search;Carina Oberle
Searching;Uniform-Cost Search (Cheapest-First Search);Dominik Bollmann, Sogol Mazaheri
Sorting;Adaptiertes 2-Phasen-2-Band Mischen;Andreas Franek
Sorting;Adaptiertes 2-Phasen-2-Band Mischen;Andreas Franek
Sorting;American Flag Sort;Yadullah Duman
Sorting;Bitonic Sort;Tobias Becker
Sorting;Bogobogosort;Julian Klomp,Milan Schmittner
Sorting;Bogosort;Julian Klomp,Milan Schmittner
Sorting;Bubble Sort;Christoph Schüßler, Marcel Frank
Sorting;Bubble Sort;Guido Rößling
Sorting;Bubble Sort;Guido Rößling
Sorting;Bubble Sort;Tanya Harizanova, Dimitar Dimitrov
Sorting;Bucket Sort;Andreas Franek
Sorting;Bucket Sort;Iaad Zabar, Abdulghani Alshadadi
Sorting;Cocktail Sort;Wilhelm 'sOph' Retz
Sorting;CocktailSort;Sascha Dutschka
Sorting;Comb Sort;Daniel Trick, Jonathan Römer, Florian Jung
Sorting;Comb Sort;David Kuhn, Florian Kryst
Sorting;Counting Sort;Can Güler, Tayfun Atik
Sorting;Counting Sort;Jan Stolzenburg
Sorting;Counting Sort;Marius Hornung, Jan Klostermann
Sorting;Counting Sort;Paulin Nguimdoh
Sorting;Cycle Sort;Pablo Hoch
Sorting;DBSCAN;Daniel Dieth, Benedikt Wartusch
Sorting;Flash Sort;Sarah Fischer, Anke Unger
Sorting;Gnome Sort;Anqi Wang
Sorting;Gnome Sort;Georgi Hadshiyski
Sorting;Gnome Sort;Tabea Born, Yasmin Krahofer
Sorting;Gnome Sort;Tijani Ahmedou, Nikola Dyundev, Arif Sami
Sorting;Heap Sort;Daniel Thies, Dominik Ulrich, Jörg Schmalfuß, Atilla Yalzin
Sorting;Heap Sort;Henrik Schröder, Nedislav Nedyalkov, Latinka Pavlova
Sorting;Hierarchical Agglomerative Clustering;Dennis Werner, Hamed Samadzai
Sorting;Hybridsort;Steffen Frank Schmidt
Sorting;Insertion Sort;Guido Rößling
Sorting;Insertion Sort;Guido Rößling
Sorting;Insertion Sort;Guido Rößling
Sorting;Insertion Sort;Guido Rößling
Sorting;Insertion Sort;Guido Rößling
Sorting;JITTER;Patrick Weber
Sorting;Johnson [DE];Simone Baier
Sorting;K-Means;Thomas Hartmann, Wail Shakir
Sorting;Local Outlier Factor;Andre Challier, Christian Richter
Sorting;Local Outlier Factor;Andre Challier, Christian Richter
Sorting;Merge Sort;Krasimir Markov
Sorting;Merge Sort;Krasimir Markov
Sorting;Merge Sort;Krasimir Markov
Sorting;Merge Sort;Krasimir Markov
Sorting;Merge Sort;Patrick Hörmann, Jonas Kellert
Sorting;Merge Sort;Theo Kischka
Sorting;Odd-Even-Sort;Hlib Levitin
Sorting;Odd-Even-Sort;Tsvetoslava Vateva
Sorting;Pancake Sort;Marius Hornung, Jan Klostermann
Sorting;Partitioning;Bekir �zkara
Sorting;Partitioning;Bekir �zkara
Sorting;Pigeonhole sort;Tomasz Gasiorowski
Sorting;Proxmap-Sort;Kamil Erhard, Dirk Kröhan
Sorting;Quicksort;Christoph Schüßler, Marcel Frank
Sorting;Quicksort;Georgi Hadshiyski
Sorting;Quicksort;Krasimir Markov
Sorting;Quicksort;Krasimir Markov
Sorting;Quicksort;Krasimir Markov
Sorting;Quicksort;Krasimir Markov
Sorting;Quicksort;Krasimir Markov
Sorting;Radix-Sort;Dmitrij Burlak, Christian Glaser
Sorting;Ripplesort;Erman Akca, Eugen Mesmer
Sorting;SampleSort;Laura Hofmann
Sorting;Selection Sort;Iliya Gurov, Vladislava Arabadzhieva
Sorting;Selection Sort;Krasimir Markov
Sorting;Selection Sort;Krasimir Markov
Sorting;Selection Sort;Krasimir Markov
Sorting;Selection Sort;Krasimir Markov
Sorting;Selection Sort;Krasimir Markov
Sorting;Selection Sort;Krasimir Markov
Sorting;Selection Sort;Krasimir Markov
Sorting;Selection Sort;Krasimir Markov
Sorting;Shaker Sort;Amir Naseri, Morteza Emamgholi
Sorting;Shaker Sort;Daniel Trick, Jonathan Römer, Florian Jung
Sorting;Shaker Sort;David Kuhn, Florian Kryst
Sorting;Shaker Sort;Emal Rahman
Sorting;Shaker Sort;Fehmi Belhadj
Sorting;Shaker Sort;Florian Jakob
Sorting;Shaker Sort;Muhammed Arour, Katja Tenenbaum
Sorting;Shaker Sort;Oksana Kolach, Michael Drescher
Sorting;Shaker Sort;Paulin Nguimdoh
Sorting;Shaker Sort;Paulin Nguimdoh
Sorting;Shaker Sort;Qi ZHANG
Sorting;Shaker Sort;Sami Graja, Hasan Tercan
Sorting;Shaker Sort;Sami Graja, Hasan Tercan
Sorting;Shaker Sort;Tarik Tahiri, Philipp Sowinski
Sorting;Shaker Sort;Tsvetoslava Vateva
Sorting;Shell Sort;Krasimir Markov
Sorting;Shell Sort;Krasimir Markov
Sorting;Shell Sort;Krasimir Markov
Sorting;Shell Sort;Krasimir Markov
Sorting;Simple Sort;Alper Özdemir, Bilal Balci, Gökhan Simsek
Sorting;Simple Sort;Jerome Möckel, Stefan Schmitz
Sorting;Sleepsort;Michael Piepel
Sorting;Sleepsort;Michael Piepel
Sorting;Slowsort;Philipp Sowinski, Tarik Tahiri
Sorting;Smooth Sort;Marko Dehmel, Dominik Hintersdorf
Sorting;Sortierung mit Binärbaum;Jan H. Post, Tim Grube
Sorting;Spaghetti Sort [DE];Pascal Schardt
Sorting;Stooge Sort;Clemens Bergmann
Sorting;Stooge Sort;Dimitar Goshev
Sorting;Stooge Sort;Hlib Levitin
Sorting;Stooge Sort;Vyacheslav Polonskyy
Sorting;Strand Sort;Iliya Gurov, Vladislava Arabadzhieva
Sorting;Strand Sort;Michael Scharf
Sorting;Swap Sort;Dmytro Vronskyi
Sorting;Swap Sort;Enkh-Amgalan Ganbaatar, Martin Tjokrodiredjo
Sorting;Swap Sort;Galin Bobev, Misagh Zayyeni
Sorting;TimSort;Jessey Widhalm, Kevin Trometer
Sorting;TopSort;Markus Ermuth, Alex Krause
Sorting;Tournament Sort;ZHANG Qi
Sorting;TreeSort;Patrick Weber
Tree;Aufbau eines Leonardo Heaps;Marko Dehmel, Dominik Hintersdorf
Tree;AVL-Baum;Ioannis Tsigaridas
Tree;B-Baum;Kristoffer Braun, Philipp Rack
Tree;B-Baum;Kristoffer Braun, Philipp Rack
Tree;B-Baum Suche;Fritz Beutel, Maxim Kuznetsov
Tree;Binärer Suchbaum;Ioannis Tsigaridas
Tree;Binärer Suchbaum;Sebastian Leipe
Tree;Binärer Suchbaum;Sebastian Leipe
Tree;BSTreeTraverse;Farouk Houami,El bouabidi Fethi,Pascal Weisenburger
Tree;BTree Search;Fritz Beutel, Maxim Kuznetsov
Tree;Heap;Michael Sandforth
Tree;Heap;Michael Sandforth
Tree;Heap Sort;Ioannis Tsigaridas
Tree;ID3;Anja Kirchhöfer, Ben Kohr
Tree;ID3;Anja Kirchhöfer, Ben Kohr
Tree;ID3;Anja Kirchhöfer, Ben Kohr
Tree;ID3;Anja Kirchhöfer, Ben Kohr
Tree;IgnallSchrage;Alexander Pass
Tree;KD-Tree;David Steiner, Jens Krüger
Tree;KD-Tree;David Steiner, Jens Krüger
Tree;Knuth Algorithm;Mohit Makhija, Eric Brüggemann
Tree;OS-RANK;Florian Breitfelder, Patrick Jattke
Tree;OS-SELECT;Florian Breitfelder, Patrick Jattke
Tree;Prüfer Code;Edgardo Palza & Teh-Hai Julian Zheng
Tree;Quadtree;Alex Krause, Markus Ermuth
Tree;R-Tree Quadratic Node Spliting;Dimitar Goshev
Tree;Red-Black Trees - Delete;Maciej Aleksander Mokwinski + Julian Harbarth
Tree;Red-Black Trees - Insert;Maciej Aleksander Mokwinski + Julian Harbarth
Tree;Rot-Schwarzbäume - Einfügen;Maciej Aleksander Mokwinski + Julian Harbarth
Tree;Rot-Schwarzbäume - Löschen;Maciej Aleksander Mokwinski + Julian Harbarth
Tree;Tournament Sort;Ioannis Tsigaridas
Tree;Trie : Insert;Jan-Henrik Kriechel
Tree;Trie : Search;Jan-Henrik Kriechel
Typ;Name;Autor(en)